{"cameraMode":{"drawMode":0,"name":"Shaded","section":"Shading Mode"},"sceneLighting":true,"audioPlay":false,"sceneViewState":{"m_AlwaysRefresh":false,"showFog":true,"showSkybox":true,"showFlares":true,"showImageEffects":true,"showParticleSystems":true,"showVisualEffectGraphs":true,"m_FxEnabled":true},"in2DMode":false,"pivot":{"x":0.7506656646728516,"y":2.1803760528564455,"z":-1.2131943702697755},"rotation":{"x":0.03099743463099003,"y":-0.8534784913063049,"z":-0.0509776808321476,"w":-0.5178624391555786},"size":2.9660251140594484,"orthographic":false}