{"cameraMode":{"drawMode":0,"name":"Shaded","section":"Shading Mode"},"sceneLighting":true,"audioPlay":false,"sceneViewState":{"m_AlwaysRefresh":false,"showFog":true,"showSkybox":true,"showFlares":true,"showImageEffects":true,"showParticleSystems":true,"showVisualEffectGraphs":true,"m_FxEnabled":true},"in2DMode":false,"pivot":{"x":-18.343738555908204,"y":8.618223190307618,"z":-60.674827575683597},"rotation":{"x":-0.01127017941325903,"y":0.9606286883354187,"z":-0.028302697464823724,"w":-0.27771705389022829},"size":4.7741827964782719,"orthographic":false}